{
    "n_layers": 2,
    "n_neurons": 504,
    "lr": 0.00010796006447452559,
    "dropout_rate": 0.42280455253535704,
    "weight_decay": 0.000646488576010339,
    "batch_size": 128
}