{
    "model_name": "MLP + GBRT",
    "test_rmse": 0.48356134001016,
    "test_r2": 0.8206751346588135
}