{
    "model_name": "TabM + Piecewise Linear Embeddings",
    "test_rmse": 0.45260832367258474,
    "test_r2": 0.8428977131843567
}