{
    "n_blocks": 4,
    "d_block": 496,
    "lr": 0.0005298311155600146,
    "weight_decay": 0.0001035944053746323,
    "dropout": 0.0074793047704437565,
    "batch_size": 256,
    "n_bins": 44,
    "d_embedding": 32
}