{
    "n_blocks": 3,
    "d_block": 288,
    "lr": 0.0015010458156850366,
    "weight_decay": 0.0007125707141940957,
    "dropout": 0.011079059344674513,
    "batch_size": 128
}